{
  "dim": 5,
  "vine_type": "D-vine",
  "variable_order": [
    "IEF",
    "AGG",
    "GLD",
    "EEM",
    "EFA"
  ],
  "trunc_lvl": 4,
  "is_full_vine": true,
  "total_pair_copulas": 10,
  "family_set": [
    "gaussian",
    "student",
    "clayton",
    "gumbel",
    "frank"
  ],
  "pair_copulas": [
    {
      "tree": 1,
      "edge_index": 0,
      "conditioned": [
        "IEF",
        "AGG"
      ],
      "conditioning": [],
      "family": "student",
      "rotation": 0,
      "parameters": [
        0.8307828781383295,
        4.508774334578411
      ],
      "kendall_tau": 0.624214
    },
    {
      "tree": 1,
      "edge_index": 1,
      "conditioned": [
        "AGG",
        "GLD"
      ],
      "conditioning": [],
      "family": "frank",
      "rotation": 0,
      "parameters": [
        0.36737071289635165
      ],
      "kendall_tau": 0.040764
    },
    {
      "tree": 1,
      "edge_index": 2,
      "conditioned": [
        "GLD",
        "EEM"
      ],
      "conditioning": [],
      "family": "student",
      "rotation": 0,
      "parameters": [
        0.24340952264930119,
        10.626339207424403
      ],
      "kendall_tau": 0.156532
    },
    {
      "tree": 1,
      "edge_index": 3,
      "conditioned": [
        "EEM",
        "EFA"
      ],
      "conditioning": [],
      "family": "student",
      "rotation": 0,
      "parameters": [
        0.8365830314418458,
        9.229093817957637
      ],
      "kendall_tau": 0.6309
    },
    {
      "tree": 2,
      "edge_index": 0,
      "conditioned": [
        "IEF",
        "GLD"
      ],
      "conditioning": [
        "AGG"
      ],
      "family": "gumbel",
      "rotation": 270,
      "parameters": [
        1.0197252203325962
      ],
      "kendall_tau": -0.019344
    },
    {
      "tree": 2,
      "edge_index": 1,
      "conditioned": [
        "AGG",
        "EEM"
      ],
      "conditioning": [
        "GLD"
      ],
      "family": "clayton",
      "rotation": 90,
      "parameters": [
        0.2204305028513711
      ],
      "kendall_tau": -0.099274
    },
    {
      "tree": 2,
      "edge_index": 2,
      "conditioned": [
        "GLD",
        "EFA"
      ],
      "conditioning": [
        "EEM"
      ],
      "family": "frank",
      "rotation": 0,
      "parameters": [
        1.2660392032070569
      ],
      "kendall_tau": 0.138476
    },
    {
      "tree": 3,
      "edge_index": 0,
      "conditioned": [
        "IEF",
        "EEM"
      ],
      "conditioning": [
        "AGG",
        "GLD"
      ],
      "family": "student",
      "rotation": 0,
      "parameters": [
        -0.217358214719705,
        6.066641588937993
      ],
      "kendall_tau": -0.139488
    },
    {
      "tree": 3,
      "edge_index": 1,
      "conditioned": [
        "AGG",
        "EFA"
      ],
      "conditioning": [
        "GLD",
        "EEM"
      ],
      "family": "clayton",
      "rotation": 0,
      "parameters": [
        0.0662218056837333
      ],
      "kendall_tau": 0.03205
    },
    {
      "tree": 4,
      "edge_index": 0,
      "conditioned": [
        "IEF",
        "EFA"
      ],
      "conditioning": [
        "AGG",
        "GLD",
        "EEM"
      ],
      "family": "gumbel",
      "rotation": 270,
      "parameters": [
        1.0209153609360078
      ],
      "kendall_tau": -0.020487
    }
  ]
}